"Installments Interest","Installments Interest"
"Discount in cash","Discount in cash"
"Default Config","Default Config"
Production,Production
"Environment for tests","Environment for tests"
"Authorize for the store %1 in %2","Authorize for the store %1 in %2"
"Disallow for the store %1 in %2","Disallow for the store %1 in %2"
"Order not found.","Order not found."
"Not Apply.","Not Apply."
"You are diconnected to PagBank.","You are diconnected to PagBank."
"You are connected to PagBank. =)","You are connected to PagBank. =)"
"Unable to get the code, try again. =(","Unable to get the code, try again. =("
"Card saved successfully.","Card saved successfully."
"You should not be here...","You should not be here..."
"Not apply.","Not apply."
"PagBank, error when checking order status.","PagBank, error when checking order status."
"It is not possible to check the status of order %1, please perform a manual verification.","It is not possible to check the status of order %1, please perform a manual verification."
"Transaction has been declined. Please try again later.","Transaction has been declined. Please try again later."
"15 minutes","15 minutes"
"30 minutes","30 minutes"
"1 hour","1 hour"
"12 hour","12 hour"
"1 day","1 day"
"3 days","3 days"
"%1 minutes","%1 minutes"
"Two payment IDs are required for two card capture","Two payment IDs are required for two card capture"
"Invalid JSON was returned by the gateway","Invalid JSON was returned by the gateway"
"Two payment IDs are required for two card void","Two payment IDs are required for two card void"
"Two payment IDs are required for two card refund","Two payment IDs are required for two card refund"
"Pay for Order #%1","Pay for Order #%1"
"Expected 2 authorization transactions for two card payment, found %1","Expected 2 authorization transactions for two card payment, found %1"
"Invalid payment distribution. First card amount exceeds or equals order total.","Invalid payment distribution. First card amount exceeds or equals order total."
"Payment captured successfully for two credit cards.","Payment captured successfully for two credit cards."
"Failed to capture payment for one or both credit cards.","Failed to capture payment for one or both credit cards."
"Failed to capture payment for all cards","Failed to capture payment for all cards"
"Order Canceled.","Order Canceled."
"Payment voided successfully for two credit cards.","Payment voided successfully for two credit cards."
"Failed to void payment for one or both credit cards.","Failed to void payment for one or both credit cards."
"Failed to void payment for all cards","Failed to void payment for all cards"
"Awaiting payment.","Awaiting payment."
"Awaiting payment review.","Awaiting payment review."
"Awaiting payment for two credit cards.","Awaiting payment for two credit cards."
"Awaiting payment review for two credit cards.","Awaiting payment review for two credit cards."
"Order Canceled - Two card payment failed.","Order Canceled - Two card payment failed."
"Payment refunded successfully for two credit cards. Amount: %1","Payment refunded successfully for two credit cards. Amount: %1"
"Failed to refund payment for one or both credit cards.","Failed to refund payment for one or both credit cards."
"Failed to refund payment for all cards","Failed to refund payment for all cards"
"Gateway rejected the transaction.","Gateway rejected the transaction."
"Sandbox - Environment for tests","Sandbox - Environment for tests"
"1 installment","1 installment"
"2 installments","2 installments"
"3 installments","3 installments"
"4 installments","4 installments"
"5 installments","5 installments"
"6 installments","6 installments"
"7 installments","7 installments"
"8 installments","8 installments"
"9 installments","9 installments"
"10 installments","10 installments"
"11 installments","11 installments"
"12 installments","12 installments"
"13 installments","13 installments"
"14 installments","14 installments"
"15 installments","15 installments"
"16 installments","16 installments"
"17 installments","17 installments"
"18 installments","18 installments"
Authorize,Authorize
"Authorize and Capture","Authorize and Capture"
Order,Order
Configure,Configure
Close,Close
"30 minutes - recommended","30 minutes - recommended"
"12 hours","12 hours"
"24 hours","24 hours"
"72 hours","72 hours"
"Please select","Please select"
"1st line of the street","1st line of the street"
"2st line of the street","2st line of the street"
"3st line of the street","3st line of the street"
"4st line of the street","4st line of the street"
"by customer form (taxvat - customer account)","by customer form (taxvat - customer account)"
"by address form (vat_id - checkout)","by address form (vat_id - checkout)"
"Do not apply rule","Do not apply rule"
"2 days - recommended","2 days - recommended"
"1 week","1 week"
"1 month","1 month"
"Set in your Account","Set in your Account"
"Receive within 14 days","Receive within 14 days"
"Receive within 30 days","Receive within 30 days"
"Cart %1 doesn't contain products","Cart %1 doesn't contain products"
"Unable to save interest.","Unable to save interest."
"Invalid card data","Invalid card data"
"Card already exists and is active.","Card already exists and is active."
"PagBank API error: %1","PagBank API error: %1"
"Error creating card token: %1","Error creating card token: %1"
"Refresh Token for Default Store.","Refresh Token for Default Store."
"Refresh Token for Web Site Id %1.","Refresh Token for Web Site Id %1."
Finished,Finished
"Refresh token successful","Refresh token successful"
"token update returns errors code: %1","token update returns errors code: %1"
"Querying the status of the order at the gateway.","Querying the status of the order at the gateway."
"Order cancelled, payment deadline has expired.","Order cancelled, payment deadline has expired."
"Order %1 was in state %2 has been updated to state %3.","Order %1 was in state %2 has been updated to state %3."
"Order not found","Order not found"
"Update not available because the initial state is incompatible: %1","Update not available because the initial state is incompatible: %1"
"Boleto Bancário - PagBank","Boleto Bancário - PagBank"
"Cartão de Crédito - PagBank","Cartão de Crédito - PagBank"
"Pay in PagBank","Pay in PagBank"
"Pix - PagBank","Pix - PagBank"
"Get Payment Update","Get Payment Update"
"This decision will not change the status in PagBank.","This decision will not change the status in PagBank."
"Accept Offline Payment","Accept Offline Payment"
"Deny Offline Payment","Deny Offline Payment"
"Not implemented","Not implemented"
"Capture can not be performed through vault","Capture can not be performed through vault"
Due,Due
Instruction,Instruction
"Not available.","Not available."
Expiration,Expiration
Link,Link
"Download the Boleto","Download the Boleto"
"Line Code","Line Code"
"Payer Name","Payer Name"
"Payer Tax Id","Payer Tax Id"
"Pay by Compute","Pay by Compute"
"Pay by Mobile","Pay by Mobile"
"Payer Phone","Payer Phone"
"Pix Qr Code","Pix Qr Code"
"Pix Copy and Paste","Pix Copy and Paste"
"Know and compare our <b>promotional plans</b>","Know and compare our <b>promotional plans</b>"
"Magento and Adobe Commerce - Account Profile","Magento and Adobe Commerce - Account Profile"
"Magento and Adobe Commerce - D14","Magento and Adobe Commerce - D14"
"Magento and Adobe Commerce - D30","Magento and Adobe Commerce - D30"
Benefits,Benefits
"Ideal for those who bill above R$ 200,000","Ideal for those who bill above R$ 200,000"
"Customized fees and receipts","Customized fees and receipts"
"Request your personalized proposal <a href=""%1"">here</a>","Request your personalized proposal <a href=""%1"">here</a>"
"Ideal for those who need greater cash flow","Ideal for those who need greater cash flow"
"Reduced fees","Reduced fees"
"Ideal for those who have greater cash flow","Ideal for those who have greater cash flow"
"The best market rates","The best market rates"
"Receipt Type","Receipt Type"
"As defined in your account","As defined in your account"
Fees*,Fees*
Card:,Card:
"With 3.97% fee.","With 3.97% fee."
Pix:,Pix:
"With 0.99% fee.","With 0.99% fee."
"With immediate receipt.","With immediate receipt."
"Bank Slip:","Bank Slip:"
"With fixed fee of R$ 2.99.","With fixed fee of R$ 2.99."
"With receipt within 2 business days.","With receipt within 2 business days."
"With 3.05% fee.","With 3.05% fee."
"* The fees advertised here may vary, please check our page for updated values.","* The fees advertised here may vary, please check our page for updated values."
"Add New Card","Add New Card"
"Card Number","Card Number"
"Security Code","Security Code"
"Expiration Date","Expiration Date"
Month,Month
Year,Year
"Card Holder Name","Card Holder Name"
"Save Card","Save Card"
"The Boleto barcode is","The Boleto barcode is"
Copy,Copy
Copied,Copied
"To make the payment:","To make the payment:"
"Access your PagBank account by clicking on the link:","Access your PagBank account by clicking on the link:"
"You must <strong>be redirected to PagBank</strong> to complete the payment.","You must <strong>be redirected to PagBank</strong> to complete the payment."
"Open the <strong>PagBank app</strong> on your phone;","Open the <strong>PagBank app</strong> on your phone;"
"Go to the <strong>Pix/Qr Code</strong> option;","Go to the <strong>Pix/Qr Code</strong> option;"
"Select the option <strong>Pay with Qr Code</strong>;","Select the option <strong>Pay with Qr Code</strong>;"
"Scan the Qr Code:","Scan the Qr Code:"
"Atenção o Qr Code gerado <strong>só é válido para uso no aplicatico do PagBank.</strong>","Atenção o Qr Code gerado <strong>só é válido para uso no aplicatico do PagBank.</strong>"
"To pay, read the Qr Code","To pay, read the Qr Code"
"Or if you prefer, copy and paste the code","Or if you prefer, copy and paste the code"
"Boleto Information","Boleto Information"
Waiting...,Waiting...
"Place Order","Place Order"
"Card Information","Card Information"
"Type Transaction","Type Transaction"
"Credit Card Number","Credit Card Number"
"What is this?","What is this?"
"CVV - Card Verification Number","CVV - Card Verification Number"
"Expiration Month","Expiration Month"
"Expiration Year","Expiration Year"
"Credit Card Holder Full Name","Credit Card Holder Full Name"
"Select Instalmment","Select Instalmment"
"Save for later use.","Save for later use."
"A 3-digit number in italics on the back of your credit card.","A 3-digit number in italics on the back of your credit card."
"Card Type","Card Type"
"Information for paying with PagBank","Information for paying with PagBank"
"Payer Tax id","Payer Tax id"
"Payer Information","Payer Information"
"Payer Full Name","Payer Full Name"
"Pix Information","Pix Information"
CVV,CVV
"Select Installment","Select Installment"
Division,Division
"1º Card","1º Card"
"2º Card","2º Card"
"Payment Division","Payment Division"
"Adjust payment amount for each card","Adjust payment amount for each card"
"First Card:","First Card:"
"Second Card:","Second Card:"
"Continue to 1ª Card","Continue to 1ª Card"
"First Credit Card","First Credit Card"
"You will pay","You will pay"
"Edit Division","Edit Division"
"Continue to 2º Card","Continue to 2º Card"
"Second Credit Card","Second Credit Card"
"Option for installments...","Option for installments..."
ending,ending
expires,expires
"Enter card number...","Enter card number..."
"in total of %1","in total of %1"
"not interest","not interest"
"%1x of %2 %3","%1x of %2 %3"
"card issuer","card issuer"
"Verification of data","Verification of data"
"Confirm my data","Confirm my data"
"This type of card is not accepted.","This type of card is not accepted."
"Please enter a valid credit card type number.","Please enter a valid credit card type number."
"Please enter a valid credit card number.","Please enter a valid credit card number."
"Please enter a valid credit card verification number.","Please enter a valid credit card verification number."
"Please provide a valid CPF/CNPJ.","Please provide a valid CPF/CNPJ."
"Please enter a valid card holder name.","Please enter a valid card holder name."
"Card has expired. Please use a valid expiration date.","Card has expired. Please use a valid expiration date."
Error,Error
"Unable to complete the card validation.","Unable to complete the card validation."
"An error occurred while processing the card. Please try again.","An error occurred while processing the card. Please try again."
Success,Success
"An error occurred while saving the card.","An error occurred while saving the card."
"Unable to complete the payment with this card, please verify the information and try again.","Unable to complete the payment with this card, please verify the information and try again."
"Error while processing Payment","Error while processing Payment"
Ok,Ok
"Change Payment Method","Change Payment Method"
Credit,Credit
Debit,Debit
"Please select a valid payment division amount","Please select a valid payment division amount"
"Payer Information for %1","Payer Information for %1"
"Payment Services","Payment Services"
"Permission for set preference account PagBank","Permission for set preference account PagBank"
"Permission for config PagBank","Permission for config PagBank"
"Permission for clear config PagBank","Permission for clear config PagBank"
"<div class='pagbank-payment-logo'></div><div class='pagbank-payment-byline'><p><b>PagBank</b> is a company within the UOL group.</p><p>PagBank is the <b>pioneer and leader</b> in the Brazilian online payment market, with a complete portfolio for your business.</p></div>","<div class='pagbank-payment-logo'></div><div class='pagbank-payment-byline'><p><b>PagBank</b> is a company within the UOL group.</p><p>PagBank is the <b>pioneer and leader</b> in the Brazilian online payment market, with a complete portfolio for your business.</p></div>"
"Technical support available <a href=""https://github.com/pagseguro/payment-magento/issues/new/choose"">here</a>.","Technical support available <a href=""https://github.com/pagseguro/payment-magento/issues/new/choose"">here</a>."
Credentials,Credentials
"Define the relationship between your store and our application.","Define the relationship between your store and our application."
"Statement Descriptor","Statement Descriptor"
Environment,Environment
"Module Authorization","Module Authorization"
"Boleto Bancário","Boleto Bancário"
"A charge registered and authenticated by PagBank.","A charge registered and authenticated by PagBank."
Enabled,Enabled
Title,Title
"Days due","Days due"
"Consecutive days.","Consecutive days."
"Instruction during checkout","Instruction during checkout"
"Information displayed at checkout.","Information displayed at checkout."
"Information will be printed on the Boleto.","Information will be printed on the Boleto."
"Payment Action","Payment Action"
"Basic configuration","Basic configuration"
"Basic configuration of payment methods.","Basic configuration of payment methods."
"Minimum Order Total","Minimum Order Total"
"Maximum Order Total","Maximum Order Total"
"Payment From Applicable Countries","Payment From Applicable Countries"
"Payment From Specific Countries","Payment From Specific Countries"
"Sort Order","Sort Order"
"Payer Data Capture","Payer Data Capture"
"Define the payment form data capture.","Define the payment form data capture."
"Capture name in the payment form?","Capture name in the payment form?"
"Capture tax ID (CPF or CNPJ) in the payment form?","Capture tax ID (CPF or CNPJ) in the payment form?"
"Cartão de Crédito","Cartão de Crédito"
"You can run charges to a credit card using national currency and to top it off with rates that fit your pocket.","You can run charges to a credit card using national currency and to top it off with rates that fit your pocket."
"Enabled Vault","Enabled Vault"
"Credit Card Types","Credit Card Types"
"3D Secure","3D Secure"
"3D Secure configuration.","3D Secure configuration."
"Authorization is required to use this service. Please get in touch with PagBank for further assistance.","Authorization is required to use this service. Please get in touch with PagBank for further assistance."
"Enabled Debit Card","Enabled Debit Card"
"Allow payment with debit card.","Allow payment with debit card."
"Reject payment not authenticated","Reject payment not authenticated"
"Instruction before challenge","Instruction before challenge"
"%1 and %2 are two variables, they will be replaced by the card's flag and the issuer bank's name, respectively.","%1 and %2 are two variables, they will be replaced by the card's flag and the issuer bank's name, respectively."
"Activation rules","Activation rules"
"Advanced settings for 3D Secure application. Activation will be done if the order meets at least 1 of the rules.","Advanced settings for 3D Secure application. Activation will be done if the order meets at least 1 of the rules."
"Activate after the number of failed attempts","Activate after the number of failed attempts"
"3D Secure authentication will be required if the <b>number of purchase attempts</b> (that fail) exceeds the value registered here.","3D Secure authentication will be required if the <b>number of purchase attempts</b> (that fail) exceeds the value registered here."
"<p>During checkout, if the customer tries to purchase and their order is denied, the number of attempts will increase. This feature is useful to prevent automated fraud attempts.</p>","<p>During checkout, if the customer tries to purchase and their order is denied, the number of attempts will increase. This feature is useful to prevent automated fraud attempts.</p>"
"Activate after the order value exceeds","Activate after the order value exceeds"
"3D Secure authentication will be required if <b>the order value</b> exceeds the value registered here.","3D Secure authentication will be required if <b>the order value</b> exceeds the value registered here."
"<p>We recommend using values that exceed the normal ticket, which may indicate possible fraud.</p>","<p>We recommend using values that exceed the normal ticket, which may indicate possible fraud.</p>"
"If the order contains the SKU","If the order contains the SKU"
"You can register multiple SKUs, use commas to separate them. 3D Secure authentication will be required if the <b>order contains the SKU</b>.","You can register multiple SKUs, use commas to separate them. 3D Secure authentication will be required if the <b>order contains the SKU</b>."
"<p>If you have products that are more sensitive to fraud, you can register these SKUs here.</p>","<p>If you have products that are more sensitive to fraud, you can register these SKUs here.</p>"
"If the customer has canceled the order in the last few","If the customer has canceled the order in the last few"
"Authentication via 3D Secure will be requested if the customer has an <b>order cancelled</b> within the chosen time period.","Authentication via 3D Secure will be requested if the customer has an <b>order cancelled</b> within the chosen time period."
"<p>When verifying that the customer has an order canceled within the chosen time interval, 3ds authentication will be requested.</p>","<p>When verifying that the customer has an order canceled within the chosen time interval, 3ds authentication will be requested.</p>"
"Capture phone in the payment form?","Capture phone in the payment form?"
"Installment and interest","Installment and interest"
"Maximum number of installment","Maximum number of installment"
"Maximum number of installments accepted","Maximum number of installments accepted"
"Number of interest-free installments","Number of interest-free installments"
"Number of installments you want to accept without applying interest","Number of installments you want to accept without applying interest"
"The minimum installment price","The minimum installment price"
"It is the minimum value that the installment can have","It is the minimum value that the installment can have"
"Pagar com PagBank","Pagar com PagBank"
"O botão de pagamento que deixa você um passo à frente da concorrência!","O botão de pagamento que deixa você um passo à frente da concorrência!"
Developers,Developers
"Meet our <a href='https://github.com/pagseguro/payment-magento/wiki'>Wiki</a>.","Meet our <a href='https://github.com/pagseguro/payment-magento/wiki'>Wiki</a>."
Debug,Debug
"Attention, you cannot use debug in production mode.","Attention, you cannot use debug in production mode."
"Account Id","Account Id"
"Your PagBank Account ID. Automatically captured after APP authorization.","Your PagBank Account ID. Automatically captured after APP authorization."
"Custom notification URL","Custom notification URL"
"You can use services like <a href='https://pipedream.com/'>Pipedream</a> to intercept outgoing notifications.","You can use services like <a href='https://pipedream.com/'>Pipedream</a> to intercept outgoing notifications."
"Exclude Status for Order Fetch via Cron","Exclude Status for Order Fetch via Cron"
"The selected statuses will be excluded from the cron flow for order update.","The selected statuses will be excluded from the cron flow for order update."
Pix,Pix
"Pix is with P for PagBank: just like PagBank, it is 100% digital and faster than traditional TEDs or DOCs.","Pix is with P for PagBank: just like PagBank, it is 100% digital and faster than traditional TEDs or DOCs."
"Deadline for payment","Deadline for payment"
"Attribute Relationship Definition","Attribute Relationship Definition"
"Relate store attributes with our API.","Relate store attributes with our API."
"The Tax ID (CPF/CNPJ) will be an attribute obtained from the","The Tax ID (CPF/CNPJ) will be an attribute obtained from the"
"The Street attribute is","The Street attribute is"
"The address number is","The address number is"
"The address locality is","The address locality is"
"The address complement is","The address complement is"
"Dois Cartões","Dois Cartões"
"[UNAUTHORIZED] Estamos com um erro em nossa integração com o meio de pagamento, por favor entre em contato conosco.","[UNAUTHORIZED] Estamos com um erro em nossa integração com o meio de pagamento, por favor entre em contato conosco."
"[40001] Estamos com um erro em nossa integração com o meio de pagamento, por favor entre em contato conosco.","[40001] Estamos com um erro em nossa integração com o meio de pagamento, por favor entre em contato conosco."
"[40002] Estamos com um erro em nossa integração com o meio de pagamento, por favor entre em contato conosco.","[40002] Estamos com um erro em nossa integração com o meio de pagamento, por favor entre em contato conosco."
"[40003] Estamos com um erro em nossa integração com o meio de pagamento, por favor entre em contato conosco.","[40003] Estamos com um erro em nossa integração com o meio de pagamento, por favor entre em contato conosco."
"[40004] Estamos com um erro em nossa integração com o meio de pagamento, por favor entre em contato conosco.","[40004] Estamos com um erro em nossa integração com o meio de pagamento, por favor entre em contato conosco."
"[40005] Estamos com um erro em nossa integração com o meio de pagamento, por favor entre em contato conosco.","[40005] Estamos com um erro em nossa integração com o meio de pagamento, por favor entre em contato conosco."
"[40006] A captura desse pagamento já foi realizada ou expirou.","[40006] A captura desse pagamento já foi realizada ou expirou."
"[40007] Reembolso já realizado ou o valor solicitado acima do permitido.","[40007] Reembolso já realizado ou o valor solicitado acima do permitido."
"[20001] Por favor, entre em contato com a central do seu cartão. O número está no versão do cartão.","[20001] Por favor, entre em contato com a central do seu cartão. O número está no versão do cartão."
"[20003] Transação não autorizada, por favor utilize outro forma de pagamento.","[20003] Transação não autorizada, por favor utilize outro forma de pagamento."
"[20007] Por favor, verifique os dados do cartão.","[20007] Por favor, verifique os dados do cartão."
"[20008] Desculpe mas essa transação permite parcelamento, por favor utilize outro forma de pagamento.","[20008] Desculpe mas essa transação permite parcelamento, por favor utilize outro forma de pagamento."
"[20012] O valor dessa transação não é permitido, por favor utilize outro forma de pagamento.","[20012] O valor dessa transação não é permitido, por favor utilize outro forma de pagamento."
"[20016] Senha inválida, por favor utilize outro forma de pagamento.","[20016] Senha inválida, por favor utilize outro forma de pagamento."
"[20017] Transação não permitida, por favor utilize outro forma de pagamento.","[20017] Transação não permitida, por favor utilize outro forma de pagamento."
"[20018] Por favor, entre em contato com a central do seu cartão. O número está no versão do cartão.","[20018] Por favor, entre em contato com a central do seu cartão. O número está no versão do cartão."
"[20019] Falha de comunicação, por favor tente novamente.","[20019] Falha de comunicação, por favor tente novamente."
"[20039] Transação não permitida, por favor utilize outro forma de pagamento.","[20039] Transação não permitida, por favor utilize outro forma de pagamento."
"[20101] Senha inválida, por favor utilize outro forma de pagamento.","[20101] Senha inválida, por favor utilize outro forma de pagamento."
"[20102] Senha inválida, por favor utilize a sua nova senha ou use outra forma de pagamento.","[20102] Senha inválida, por favor utilize a sua nova senha ou use outra forma de pagamento."
"[20103] Ocorreu um excesso de tentativas, por favor contate sua central do cartão ou use outra forma de pagamento.","[20103] Ocorreu um excesso de tentativas, por favor contate sua central do cartão ou use outra forma de pagamento."
"[20104] Valor excedido, por favor contate a sua central do cartão ou use outra forma de pagamento.","[20104] Valor excedido, por favor contate a sua central do cartão ou use outra forma de pagamento."
"[20105] Quantidade de saques excedidas.","[20105] Quantidade de saques excedidas."
"[20110] Ocorreu um erro de integração por favor utilize outra forma de pagamento.","[20110] Ocorreu um erro de integração por favor utilize outra forma de pagamento."
"[20111] Ocorreu um erro de integração por favor utilize outra forma de pagamento.","[20111] Ocorreu um erro de integração por favor utilize outra forma de pagamento."
"[20112] O valor de captura está diferente do valor pré autorizado.","[20112] O valor de captura está diferente do valor pré autorizado."
"[20113] Por favor, utilize a função de crédito do cartão.","[20113] Por favor, utilize a função de crédito do cartão."
"[20114] Por favor, utilize a função de débito do cartão.","[20114] Por favor, utilize a função de débito do cartão."
"[20115] Saque não disponível.","[20115] Saque não disponível."
"[20116] Dados do cartão estão inválidos, por favor verifique todos os dados e tente novamente.","[20116] Dados do cartão estão inválidos, por favor verifique todos os dados e tente novamente."
"[20117] Há um erro no cartão, por favor utilize outro ou outra forma de pagamento.","[20117] Há um erro no cartão, por favor utilize outro ou outra forma de pagamento."
"[20118] O pagamento recorrente está suspenso.","[20118] O pagamento recorrente está suspenso."
"[20119] Refazer a transação.","[20119] Refazer a transação."
"[20158] Não autorizada, por favor tente novamente mais tarde.","[20158] Não autorizada, por favor tente novamente mais tarde."
"[20159] Não autorizada, por favor tente novamente mais tarde usando a autenticação.","[20159] Não autorizada, por favor tente novamente mais tarde usando a autenticação."
"[20169] O cartão não permite transação internacional, por favor use outro cartão ou outra forma de pagamento.","[20169] O cartão não permite transação internacional, por favor use outro cartão ou outra forma de pagamento."
"[20301] Seu cartão está bloqueado, por favor entre em contato com a sua central de atendimento (o número está no verso) ou use outra forma de pagamento.","[20301] Seu cartão está bloqueado, por favor entre em contato com a sua central de atendimento (o número está no verso) ou use outra forma de pagamento."
"[20999] O lojista deverá entrar em contato com o PagBank antes de você realizar uma nova tentativa.","[20999] O lojista deverá entrar em contato com o PagBank antes de você realizar uma nova tentativa."
"[10000] Transação não autorizada, por favor utilize outro forma de pagamento.","[10000] Transação não autorizada, por favor utilize outro forma de pagamento."
"[10001] Quantidade de tentativas excedidas, por favor use outra forma de pagamento.","[10001] Quantidade de tentativas excedidas, por favor use outra forma de pagamento."
"[10002] Transação não autorizada, por favor utilize outro forma de pagamento.","[10002] Transação não autorizada, por favor utilize outro forma de pagamento."
"[10003] Transação inválida, por favor utilize outra forma de pagamento.","[10003] Transação inválida, por favor utilize outra forma de pagamento."
"[10004] Transação não permitida, por favor utilize outro forma de pagamento.","[10004] Transação não permitida, por favor utilize outro forma de pagamento."
"PagBank Interest","PagBank Interest"
"first_cc_installments","1ª Installments"
"first_cc_type", "1ª Card Type"
"first_cc_number", "1ª Card Number"
"first_cc_exp_month", "1ª Expiration Month"
"first_cc_exp_year", "1ª Expiration Year"
"first_cc_cardholder_name", "1ª Cardholder Name"
"first_payer_tax_id", "1ª Payer Tax ID"
"first_payer_phone", "1ª Payer Phone"
"first_three_ds_session", "1ª 3DS Session"
"first_three_ds_auth", "1ª 3DS Auth"
"first_three_ds_auth_status", "1ª 3DS Auth Status"
"first_cc_authorization_code", "1ª Authorization Code"
"first_cc_nsu", "1ª NSU"
"first_cc_amount", "1ª Amount"
"second_cc_installments", "2ª Installments"
"second_cc_type", "2ª Card Type"
"second_cc_number", "2ª Card Number"
"second_cc_exp_month", "2ª Expiration Month"
"second_cc_exp_year", "2ª Expiration Year"
"second_cc_cardholder_name", "2ª Cardholder Name"
"second_payer_tax_id", "2ª Payer Tax ID"
"second_payer_phone", "2ª Payer Phone"
"second_three_ds_session", "2ª 3DS Session"
"second_three_ds_auth", "2ª 3DS Auth"
"second_three_ds_auth_status", "2ª 3DS Auth Status"
"second_cc_authorization_code", "2ª Authorization Code"
"second_cc_nsu", "2ª NSU"
"second_cc_amount", "2ª Amount"